datetime,open,high,low,close,volume,openinterest
1662076800000,0.331166,0.334874,0.327505,0.331732,4473.19674449,33
1662163200000,0.329286,0.332044,0.328876,0.331468,4952.82630785,25
1662249600000,0.331204,0.333982,0.329,0.331973,13252.11370459,59
1662336000000,0.332612,0.334084,0.321633,0.332031,23049.97916853,73
1662422400000,0.333207,0.340043,0.32,0.32491,24502.17084179,86
1662508800000,0.315,0.339999,0.315,0.337248,9946.60181875,30
1662595200000,0.334412,0.340862,0.329897,0.340858,60333.45764606,94
1662681600000,0.341539,0.355157,0.340006,0.350951,19636.13122475,41
1662768000000,0.35282,0.357716,0.352326,0.356485,8812.86066512,34
1662854400000,0.355854,0.358054,0.3529,0.3529,35130.74292906,31
1662940800000,0.354013,0.358005,0.3525,0.3575,20432.19424871,33
1663027200000,0.352984,0.356334,0.333,0.333,4002.54950668,21
1663113600000,0.332173,0.35,0.332173,0.34707,17270.96908629,40
1663200000000,0.33917,0.341611,0.324756,0.326554,6802.52969154,21
1663286400000,0.326554,0.357,0.323307,0.357,5738.20327324,20
1663372800000,0.339992,0.379554,0.339992,0.373387,16159.50339302,50
1663459200000,0.367017,0.394579,0.367017,0.367556,33418.33616091,94
1663545600000,0.348,0.393868,0.343917,0.382565,31462.01674544,45
1663632000000,0.381001,0.421072,0.38,0.41569,34138.05289784,85
1663718400000,0.406,0.435073,0.382376,0.38959,74696.73738341,119
1663804800000,0.4045,0.493747,0.4045,0.472422,59242.22577008,145
1663891200000,0.4825,0.55352,0.456,0.52015,83250.1573104,223
1663977600000,0.503104,0.5192,0.481004,0.491924,13155.39828092,29
1664064000000,0.488498,0.518867,0.479651,0.49365,48158.97540661,144
1664150400000,0.48,0.499998,0.460348,0.47,35721.6476707,84
1664236800000,0.478906,0.490999,0.43739,0.449689,32101.20139599,104
1664323200000,0.430707,0.450862,0.410604,0.45,31289.08379741,62
1664409600000,0.446833,0.512788,0.431873,0.470826,38478.2330336,89
1664496000000,0.461554,0.497409,0.461554,0.475594,7024.21126761,39
1664582400000,0.4719,0.49616,0.471,0.473245,2408.67771765,20
1664668800000,0.479877,0.479877,0.45,0.45,28201.83718224,37
1664755200000,0.442001,0.465359,0.441359,0.465359,12058.39761449,32
1664841600000,0.457727,0.489615,0.457727,0.480656,4328.5183702,28
1664928000000,0.478573,0.50245,0.476579,0.495224,2962.37725011,24
1665014400000,0.497,0.49995,0.491966,0.496,22267.857096,33
1665100800000,0.48987,0.523648,0.485025,0.522142,28173.5500036,55
1665187200000,0.518332,0.529796,0.514983,0.514983,6759.85235937,18
1665273600000,0.5154,0.545966,0.514876,0.534,33992.9920823,50
1665360000000,0.534696,0.534696,0.5,0.5,23405.09459337,25
1665446400000,0.495,0.501368,0.480529,0.487742,33510.05659515,41
1665532800000,0.486058,0.499991,0.485381,0.485381,12985.71030928,52
1665619200000,0.48,0.48976,0.445093,0.484492,23253.70842041,38
1665705600000,0.49375,0.51,0.489087,0.489895,37834.60280226,41
1665792000000,0.488219,0.488219,0.485,0.486657,402.87260228,5
1665878400000,0.481264,0.485507,0.473681,0.480706,2386.37669866,18
1665964800000,0.472548,0.494997,0.467112,0.47,61823.22684365,34
1666051200000,0.483408,0.739491,0.46,0.466,69654.15184138,165
1666137600000,0.4663,0.474917,0.449999,0.449999,20021.55785731,42
1666224000000,0.462832,0.474088,0.428,0.448392,10225.78582973,66
1666310400000,0.446908,0.462846,0.437921,0.462846,5506.31153228,30
1666396800000,0.461809,0.469,0.460304,0.466943,13948.53354024,28
1666483200000,0.457923,0.468591,0.453501,0.468591,8697.59907376,25
1666569600000,0.46,0.461764,0.4535,0.454,15792.31294431,25
1666656000000,0.4541,0.472194,0.447791,0.46,136093.34374668,199
1666742400000,0.46,0.469568,0.46,0.467912,5336.69962278,19
1666828800000,0.47,0.48,0.4617,0.463,13357.89051055,47
1666915200000,0.462168,0.479997,0.458,0.472,8235.39629804,33
1667001600000,0.473809,0.4804,0.468639,0.475935,13766.72810394,32
1667088000000,0.468442,0.479902,0.46,0.464238,13486.93222374,27
1667174400000,0.456062,0.462,0.451452,0.462,7916.82705662,34
1667260800000,0.462929,0.465738,0.45893,0.465738,10097.46133776,11
1667347200000,0.463048,0.463049,0.45,0.454995,6561.38263636,19
1667433600000,0.460517,0.460517,0.45494,0.45494,3007.15079034,10
1667520000000,0.454486,0.5072,0.454486,0.500871,52752.01221156,115
1667606400000,0.501,0.505,0.493477,0.495211,10622.08087915,38
1667692800000,0.492342,0.492619,0.472,0.472,8140.1350288,20
1667779200000,0.470001,0.481441,0.460289,0.465219,23543.47435405,49
1667865600000,0.460493,0.469994,0.352,0.399863,106252.40548418,408
1667952000000,0.40316,0.408999,0.323,0.378649,34289.13892303,168
1668038400000,0.378996,0.400901,0.338252,0.397414,90688.18903514,359
1668124800000,0.396631,0.409998,0.371123,0.373725,21057.5932779,81
1668211200000,0.380182,0.399937,0.362385,0.362881,19224.28057909,47
1668297600000,0.362927,0.364954,0.334381,0.334381,34336.2638032,138
1668384000000,0.354629,0.379998,0.323864,0.373885,85032.21523091,192
1668470400000,0.3791,0.396,0.3767,0.389437,45979.02528806,134
1668556800000,0.386,0.387159,0.364712,0.37797,69932.80478877,89
1668643200000,0.374034,0.3838,0.372793,0.383648,4431.47060656,13
1668729600000,0.381865,0.384887,0.378965,0.3821,1209.66924621,8
1668816000000,0.3821,0.384,0.378976,0.384,11289.93688497,20
1668902400000,0.38475,0.39333,0.361485,0.361749,7685.40273148,25
1668988800000,0.36,0.367064,0.348554,0.367064,9932.67072435,45
1669075200000,0.366626,0.3776,0.359521,0.3776,8036.02099938,37
1669161600000,0.372511,0.378,0.37204,0.378,7878.13589768,15
1669248000000,0.378378,0.407309,0.377884,0.401179,24671.79535942,41
1669334400000,0.39464,0.417392,0.39464,0.404516,15287.00798084,68
1669420800000,0.409634,0.41,0.392001,0.392643,12260.13236185,29
1669507200000,0.400972,0.405705,0.400972,0.40445,1201.39188967,7
1669593600000,0.396201,0.396201,0.379843,0.390885,5927.54396678,32
1669680000000,0.390119,0.40173,0.38869,0.40173,8512.82754474,15
1669766400000,0.405999,0.410718,0.393438,0.41,19507.78287509,39
1669852800000,0.399599,0.404047,0.396945,0.399325,8450.49836096,14
1669939200000,0.393789,0.397297,0.387838,0.396139,6353.62910834,21
1670025600000,0.395743,0.396088,0.39019,0.39029,8213.14943873,16
1670112000000,0.390431,0.392481,0.38976,0.391023,979.83787437,12
1670198400000,0.395677,0.401371,0.382349,0.39,9006.97467344,21
1670284800000,0.383764,0.404956,0.383764,0.391693,14179.26353664,14
1670371200000,0.389047,0.404996,0.376806,0.384856,1983.03945667,16
1670457600000,0.388459,0.394801,0.385225,0.394801,9279.93567738,6
1670544000000,0.393269,0.394454,0.386378,0.388555,938.99703114,7
1670630400000,0.390149,0.390517,0.388536,0.388536,1430.20738134,7
1670716800000,0.388245,0.388245,0.380717,0.380938,818.48183475,9
1670803200000,0.376475,0.394962,0.373717,0.387232,14398.57647247,30
1670889600000,0.382464,0.398921,0.382464,0.393334,3815.5580495,17
1670976000000,0.39463,0.39465,0.380599,0.380599,3823.71916694,13
1671062400000,0.38,0.381788,0.38,0.380375,1822.37193786,6
1671148800000,0.3735,0.3735,0.34852,0.34852,3185.31281704,24
1671235200000,0.355371,0.355781,0.3532,0.354853,1281.06764835,11
1671321600000,0.351178,0.351178,0.349,0.349618,7794.57727705,4
1671408000000,0.3463,0.354895,0.335241,0.339652,17928.08818222,28
1671494400000,0.336644,0.351,0.336644,0.351,3612.62236499,4
1671580800000,0.343111,0.344661,0.343111,0.344661,291.14016961,2
1671667200000,0.34466,0.350618,0.344431,0.350618,416.22951433,5
1671753600000,0.350507,0.354123,0.350507,0.351422,12505.66890954,7
1671840000000,0.353579,0.35362,0.353579,0.35362,3426.22029199,11
1672012800000,0.352151,0.364954,0.352151,0.364954,3410.50341709,5
1672099200000,0.369993,0.372395,0.368,0.371164,6359.87348465,11
1672185600000,0.368599,0.368599,0.357192,0.359,1077.65001014,5
1672272000000,0.35693,0.35693,0.3382,0.34049,6833.60181591,25
1672358400000,0.34316,0.34316,0.337109,0.34,6694.04002758,15
1672444800000,0.343236,0.345095,0.3409,0.3409,11302.38414654,15
1672531200000,0.338166,0.338167,0.337829,0.337829,635.60365141,4
1672617600000,0.333472,0.355571,0.306698,0.3525,21366.98719099,68
1672704000000,0.347917,0.348643,0.3403,0.346338,15098.3670305,25
1672790400000,0.350218,0.350218,0.346,0.346,2041.41098044,7
1672876800000,0.345707,0.345707,0.338,0.338,3218.35389687,23
1672963200000,0.33258,0.345,0.33258,0.343767,999.66404061,5
1673049600000,0.345315,0.346607,0.342022,0.344124,2508.38084999,9
1673136000000,0.341423,0.342503,0.340166,0.340826,1565.71234292,11
1673222400000,0.347777,0.364984,0.347659,0.349883,9453.09169057,45
1673308800000,0.349206,0.355322,0.34672,0.355322,12500.82640092,14
1673395200000,0.35185,0.38,0.35185,0.372829,32188.28366748,32
1673481600000,0.370499,0.379628,0.368468,0.3747,36259.64899643,35
1673568000000,0.374657,0.387363,0.372576,0.384419,26547.10423062,19
1673654400000,0.384813,0.404,0.384813,0.395,89714.89893054,83
1673740800000,0.39,0.39,0.382051,0.382051,13766.28907427,18
1673827200000,0.3899,0.4,0.382509,0.389035,11253.02177897,36
1673913600000,0.386007,0.397333,0.385992,0.39,9338.21171728,25
1674000000000,0.38628,0.404976,0.371643,0.3865,20791.73662846,69
1674086400000,0.3865,0.39433,0.3865,0.389359,9555.32409622,11
1674172800000,0.387,0.413624,0.387,0.413624,20287.96458961,41
1674259200000,0.409964,0.415,0.403174,0.403174,17588.29768208,36
1674345600000,0.403465,0.411619,0.398559,0.4,4744.90960292,14
1674432000000,0.41,0.431771,0.407732,0.429985,39656.42683425,82
1674518400000,0.424352,0.43,0.409646,0.409646,1293.66787124,9
1674604800000,0.406505,0.42,0.404,0.42,6019.53671809,12
1674691200000,0.42,0.423876,0.409012,0.413488,5272.07372929,17
1674777600000,0.41,0.413268,0.404,0.4104,2641.52930332,14
1674864000000,0.411267,0.412214,0.40629,0.409287,5485.90597429,10
1674950400000,0.4116,0.417229,0.411106,0.412428,1891.73681587,13
1675036800000,0.412161,0.412161,0.39,0.397124,16737.25330541,39
1675123200000,0.394146,0.410282,0.394146,0.410282,6435.59931517,18
1675209600000,0.4033,0.416444,0.399,0.416444,16173.17080397,38
1675296000000,0.415078,0.418186,0.409525,0.418186,22070.58907732,38
1675382400000,0.41,0.416432,0.406824,0.409569,10123.01968436,32
1675468800000,0.41075,0.4149,0.409662,0.414023,3450.12367113,17
1675555200000,0.41,0.411892,0.3966,0.40097,30960.15298829,23
1675641600000,0.398192,0.402281,0.3941,0.3941,8096.82999643,23
1675728000000,0.398,0.404329,0.391784,0.402636,9514.81669532,24
1675814400000,0.40385,0.40385,0.398721,0.400962,1764.11519584,13
1675900800000,0.40997,0.40997,0.37575,0.37575,23297.26785111,59
1675987200000,0.383171,0.38998,0.380471,0.384577,12078.32024861,22
1676073600000,0.384368,0.384544,0.384222,0.384544,1151.80711752,4
1676160000000,0.384456,0.38618,0.375,0.37732,1084.02866785,16
1676246400000,0.375558,0.376612,0.36662,0.372189,6842.78108975,22
1676332800000,0.373629,0.379113,0.373629,0.379,2205.2835156,7
1676419200000,0.377021,0.401898,0.377021,0.401898,14103.04194153,22
1676505600000,0.399312,0.404992,0.385818,0.385818,45135.64511846,83
1676592000000,0.385817,0.399011,0.385817,0.396638,16873.04067436,29
1676678400000,0.396419,0.398169,0.391411,0.393572,13777.01538788,27
1676764800000,0.395,0.395324,0.386666,0.389215,13643.40452657,18
1676851200000,0.381586,0.407777,0.381586,0.400343,22126.06489046,58
1676937600000,0.3966,0.399615,0.393394,0.393394,8089.53592966,19
1677024000000,0.389097,0.395503,0.387837,0.395503,16789.53165155,18
1677110400000,0.394,0.394,0.386034,0.39,11035.48073591,21
1677196800000,0.38785,0.399995,0.375,0.380972,12525.72056789,52
1677283200000,0.380155,0.38095,0.375456,0.375456,6011.03254824,18
1677369600000,0.376766,0.380043,0.376766,0.378612,3822.7167464,19
1677456000000,0.37844,0.39999,0.3749,0.382144,9011.50537787,18
1677542400000,0.373325,0.383596,0.373325,0.379158,641.06005725,5
1677628800000,0.382743,0.384998,0.38,0.384998,4817.3112724,11
1677715200000,0.38379,0.384999,0.377574,0.380576,11899.10673928,12
1677801600000,0.374281,0.384795,0.360007,0.374389,47395.22748668,136
1677888000000,0.377988,0.37877,0.372834,0.372834,2673.69558383,8
1677974400000,0.374025,0.383999,0.365849,0.365849,40748.45543048,24
1678060800000,0.369537,0.374036,0.361963,0.372725,7206.11312062,11
1678147200000,0.372725,0.384932,0.372725,0.382,6121.00669123,15
1678233600000,0.385,0.4,0.3808,0.390109,5000.39430317,15
1678320000000,0.387067,0.397114,0.369,0.37162,11492.56288369,38
1678406400000,0.365194,0.372,0.36,0.372,5727.21142551,34
1678492800000,0.371318,0.37526,0.3623,0.364386,60145.94054725,48
1678579200000,0.359754,0.371102,0.35584,0.371102,28072.4927766,56
1678665600000,0.370476,0.38,0.35893,0.374623,21541.30415697,28
1678752000000,0.372388,0.3868,0.366593,0.372,22174.74306948,42
1678838400000,0.372549,0.373,0.357001,0.361585,49890.27290625,57
1678924800000,0.366356,0.36702,0.361531,0.36702,2970.08206704,15
1679011200000,0.37,0.383998,0.37,0.381576,15809.59577295,32
1679097600000,0.378157,0.385745,0.371971,0.377585,26312.58255838,52
1679184000000,0.380348,0.396072,0.378654,0.393,34203.19496517,62
1679270400000,0.385581,0.38562,0.372564,0.372564,3812.20559874,12
1679356800000,0.38,0.494393,0.379164,0.45945,114348.94832451,306
1679443200000,0.459,0.46,0.413769,0.4253,58106.42911414,142
1679529600000,0.42,0.453325,0.42,0.44241,12604.35684212,40
1679616000000,0.443,0.446998,0.414381,0.422603,28404.59146383,57
1679702400000,0.445999,0.460925,0.445999,0.450101,3698.75122027,22
1679788800000,0.458511,0.46,0.446759,0.446759,37497.58311965,17
1679875200000,0.453112,0.487207,0.452815,0.475863,34609.84148347,60
1679961600000,0.480861,0.535999,0.467734,0.517322,90673.49573767,208
1680048000000,0.516584,0.589999,0.5011,0.543205,121662.96064882,280
1680134400000,0.5321,0.550429,0.528016,0.535,37947.99605708,61
1680220800000,0.532798,0.548506,0.528095,0.543106,36859.42241783,59
1680307200000,0.532135,0.532135,0.5,0.512713,64557.85633677,86
1680393600000,0.507,0.539999,0.507,0.52,4859.42654732,21
1680480000000,0.518043,0.525624,0.481116,0.499843,39498.42339793,86
1680566400000,0.521953,0.52391,0.497751,0.509999,8220.74543587,25
1680652800000,0.509999,0.523329,0.499029,0.503319,6980.81450924,30
1680739200000,0.500001,0.511287,0.498225,0.507,10359.41018326,36
1680825600000,0.504902,0.515682,0.504902,0.514725,587.04241605,8
1680912000000,0.513103,0.513103,0.503454,0.508991,3038.34830203,18
1680998400000,0.506217,0.506574,0.502727,0.504802,5813.85185092,19
1681084800000,0.505922,0.517535,0.503906,0.517535,2266.96033869,18
1681171200000,0.511394,0.526016,0.511394,0.518751,9208.48172501,39
1681257600000,0.5101,0.5101,0.500007,0.501148,5662.60921231,19
1681344000000,0.506,0.519966,0.506,0.509522,12739.1819165,47
1681430400000,0.519999,0.5434,0.512754,0.522916,21393.64759701,53
1681516800000,0.522915,0.52783,0.518258,0.518258,6694.85975958,25
1681603200000,0.51868,0.539999,0.51868,0.521694,12428.41029526,53
1681689600000,0.521933,0.521933,0.507678,0.507678,10817.88538746,34
1681776000000,0.508582,0.537885,0.508581,0.537885,11209.53637429,38
1681862400000,0.53,0.539999,0.479936,0.488085,29413.76229743,89
1681948800000,0.48934,0.497,0.46902,0.472168,50557.13799877,56
1682035200000,0.475,0.494897,0.445,0.447009,26515.20973392,95
1682121600000,0.486331,0.486331,0.450049,0.472637,2946.76351281,19
1682208000000,0.47,0.47331,0.459742,0.462,9292.71987353,42
1682294400000,0.470529,0.470529,0.453829,0.459698,4222.36457436,24
1682380800000,0.460023,0.472265,0.451247,0.472265,7833.37077954,20
1682467200000,0.471582,0.479993,0.439999,0.454489,15421.46043851,69
1682553600000,0.461975,0.466521,0.455617,0.46378,2526.15092314,13
1682640000000,0.47302,0.4813,0.469161,0.4813,8256.09560895,22
1682726400000,0.4813,0.4813,0.4797,0.4797,1630.78683669,5
1682812800000,0.477609,0.481,0.4722,0.4722,1841.91640754,7
1682899200000,0.469,0.480799,0.45511,0.480799,8505.32469542,38
1682985600000,0.465158,0.46557,0.46225,0.46225,846.96486718,5
1683072000000,0.460001,0.466013,0.453,0.466013,6551.4883641,19
1683158400000,0.461605,0.4631,0.45443,0.461882,24340.46505431,28
1683244800000,0.46281,0.480999,0.458596,0.469069,4385.82390199,21
1683331200000,0.466,0.466,0.455595,0.458619,17836.69834049,20
1683417600000,0.458,0.460269,0.445533,0.45235,34549.85328526,54
1683504000000,0.45235,0.471093,0.418329,0.425342,24339.28104737,61
1683590400000,0.43408,0.444295,0.422637,0.444295,17080.62364602,46
1683676800000,0.427804,0.435267,0.41492,0.43161,6889.28858277,25
1683763200000,0.426582,0.426582,0.380922,0.417704,17917.96618474,40
1683849600000,0.418577,0.44,0.418343,0.431707,28534.14449662,49
1683936000000,0.428579,0.428863,0.423089,0.423795,6434.09862771,9
1684022400000,0.42393,0.43,0.423301,0.426,12512.34252566,38
1684108800000,0.424159,0.429651,0.424159,0.429234,1314.47011876,12
1684195200000,0.42564,0.44,0.424055,0.44,5975.99955018,12
1684281600000,0.44,0.455918,0.44,0.447282,16882.21539812,36
1684368000000,0.448848,0.471146,0.443721,0.464343,15700.05446357,39
1684454400000,0.462,0.474916,0.462,0.4682,4109.53330113,14
1684540800000,0.466149,0.471719,0.463102,0.471719,1097.03909758,10
1684627200000,0.471471,0.471472,0.455974,0.460253,16420.29400373,24
1684713600000,0.454,0.489999,0.454,0.489999,13031.04184041,34
1684800000000,0.473655,0.489999,0.46141,0.464219,7938.8968257,22
1684886400000,0.464824,0.489998,0.44563,0.452039,37790.31377318,133
1684972800000,0.450589,0.454119,0.450067,0.453359,4595.79188523,12
1685059200000,0.4646,0.467199,0.462517,0.467199,3613.26272479,6
1685145600000,0.469,0.475,0.469,0.470082,2582.26037633,6
1685232000000,0.472,0.484143,0.472,0.483512,1799.76877327,8
1685318400000,0.482995,0.499999,0.47871,0.490194,7538.14694674,24
1685404800000,0.5,0.531999,0.49487,0.52518,22087.10370402,71
1685491200000,0.526145,0.526236,0.503271,0.510431,7768.24389161,24
1685577600000,0.509525,0.529999,0.50212,0.511049,13260.61515404,29
1685664000000,0.51447,0.52867,0.513157,0.524919,17945.23938042,44
1685750400000,0.523653,0.535,0.52045,0.522126,2556.45294391,15
1685836800000,0.523338,0.545,0.523338,0.537156,7279.44460325,19
1685923200000,0.537446,0.539459,0.493013,0.502,28516.59479518,63
1686009600000,0.516299,0.539999,0.5,0.52785,15407.25293599,32
1686096000000,0.530093,0.53019,0.511188,0.52,10807.51537715,26
1686182400000,0.52267,0.536399,0.516921,0.52898,3767.77837932,23
1686268800000,0.527329,0.539995,0.527329,0.536834,5014.50192837,16
1686355200000,0.536834,0.536834,0.47919,0.502243,22306.55883689,72
1686441600000,0.508398,0.533299,0.507108,0.533299,6065.00200366,17
1686528000000,0.533268,0.533268,0.512274,0.52,3067.34166609,11
1686614400000,0.5244,0.559189,0.51,0.518922,28322.83588578,74
1686700800000,0.51,0.58997,0.47,0.48187,18760.05444893,57
1686787200000,0.48967,0.549963,0.470359,0.484534,6305.58227147,27
1686873600000,0.481672,0.481672,0.46,0.472262,13979.31714368,39
1686960000000,0.481239,0.519999,0.481239,0.483489,4493.94254252,7
1687046400000,0.479,0.494315,0.479,0.49226,4064.86181179,13
1687132800000,0.495707,0.49584,0.486171,0.495743,4972.23634728,10
1687219200000,0.489,0.489,0.477,0.487616,7411.22582773,13
1687305600000,0.498889,0.5,0.492384,0.495302,21409.11204533,43
1687392000000,0.5075,0.52,0.490851,0.490851,4513.59955031,14
1687478400000,0.495649,0.498,0.487561,0.494521,4160.64263391,11
1687564800000,0.491967,0.491967,0.484762,0.487849,4566.6698139,10
1687651200000,0.486362,0.495629,0.486362,0.490493,626.71074644,6
1687737600000,0.485101,0.485459,0.475782,0.4779,24200.82877267,31
1687824000000,0.478,0.485,0.475031,0.485,5105.68406375,21
1687910400000,0.485,0.485,0.455,0.46499,5417.50888749,31
1687996800000,0.468769,0.492866,0.468769,0.476783,1891.1552191,11
1688083200000,0.480228,0.483238,0.458469,0.458469,10189.81723476,30
1688169600000,0.47,0.47561,0.469968,0.473,23376.46629135,19
1688256000000,0.479551,0.492867,0.47835,0.481363,2722.65976833,16
1688342400000,0.486999,0.49456,0.478951,0.48863,21339.42425759,59
1688428800000,0.48863,0.491059,0.48587,0.491059,3833.60372701,10
1688515200000,0.489038,0.489827,0.474351,0.478302,6601.25392422,21
1688601600000,0.477309,0.481429,0.46027,0.468811,22409.41689511,38
1688688000000,0.472243,0.49,0.466021,0.469841,6215.76672499,18
1688774400000,0.489801,0.489999,0.466029,0.470932,4284.25892117,15
1688860800000,0.471644,0.471699,0.47,0.47,3279.56405524,13
1688947200000,0.466021,0.480849,0.466021,0.480849,8964.17963259,29
1689033600000,0.474874,0.477725,0.472414,0.475809,7009.52276401,15
1689120000000,0.47477,0.47477,0.469802,0.46982,6395.89043179,9
1689206400000,0.46892,0.9,0.46892,0.81579,208291.49533352,704
1689292800000,0.815507,0.815555,0.666215,0.721,54209.97114432,183
1689379200000,0.710721,0.73,0.69,0.717,25208.78309087,32
1689465600000,0.718,0.779594,0.712,0.726501,28547.64005467,72
1689552000000,0.750737,0.759298,0.711101,0.734756,59285.51495862,87
1689638400000,0.736079,0.7764,0.736079,0.7764,7672.33816313,54
1689724800000,0.786,0.845857,0.771331,0.815167,43825.14655745,111
1689811200000,0.833,0.8467,0.773744,0.798901,20593.58464047,40
1689897600000,0.796028,0.796028,0.755933,0.77263,7685.48474406,17
1689984000000,0.776657,0.776657,0.73,0.733255,6288.70836604,35
1690070400000,0.724321,0.752288,0.72,0.733958,61839.61937617,33
1690156800000,0.7338,0.7338,0.684321,0.706551,13654.10872675,44
1690243200000,0.691399,0.704,0.678,0.7,16796.40586788,16
1690329600000,0.71,0.722,0.698468,0.722,1428.12588347,10
1690416000000,0.719426,0.733079,0.709942,0.711,8923.82195933,23
1690502400000,0.70699,0.719471,0.7,0.709965,67172.41326752,46
1690588800000,0.70978,0.714828,0.705651,0.713327,6039.25269325,25
1690675200000,0.724107,0.724107,0.69,0.709249,6578.55779341,16
1690761600000,0.707496,0.724681,0.702836,0.724681,3157.00699521,4
1690848000000,0.68,0.708556,0.670347,0.708556,4514.37157238,18
1690934400000,0.703744,0.704389,0.678867,0.685877,60214.03589895,48
1691020800000,0.685373,0.708997,0.6596,0.707231,51636.72812765,67
1691107200000,0.660001,0.693432,0.633141,0.6365,6242.21436919,30
1691193600000,0.631,0.6835,0.617,0.629837,20700.14067979,27
1691280000000,0.633248,0.69,0.625,0.625,1565.04704182,22
1691366400000,0.621001,0.649999,0.607049,0.613758,41235.90707111,131
1691452800000,0.626846,0.649999,0.619047,0.645534,39736.53180748,20
1691539200000,0.646616,0.663476,0.635317,0.636229,8453.69399441,38
1691625600000,0.63,0.669979,0.624483,0.636073,3572.52747947,14
1691712000000,0.636053,0.636053,0.628,0.628,2806.00211073,7
1691798400000,0.63362,0.63362,0.631381,0.632851,692.26387125,10
1691884800000,0.629963,0.633882,0.626045,0.633882,375.52221039,6
1691971200000,0.634985,0.634985,0.626083,0.627816,6016.72486655,8
1692057600000,0.632084,0.632087,0.584344,0.58877,9075.18848146,30
1692144000000,0.600727,0.602721,0.58,0.58005,8942.17616515,21
1692230400000,0.583972,0.631958,0.48,0.545618,157028.75072319,618
1692316800000,0.545617,0.545618,0.49,0.50746,102774.33326518,142
1692403200000,0.505582,0.527699,0.504501,0.521007,12109.65878909,25
1692489600000,0.51708,0.554119,0.516965,0.539898,26073.03163036,92
1692576000000,0.527657,0.52888,0.50821,0.525863,45851.29896562,103
1692662400000,0.517507,0.519686,0.508629,0.519686,14442.43585551,26
1692748800000,0.520437,0.531879,0.520437,0.530819,478.37776075,6
1692835200000,0.526363,0.526363,0.513919,0.516993,2867.64244229,7
1692921600000,0.514835,0.525415,0.510224,0.525415,2552.27480784,13
1693008000000,0.522625,0.522625,0.521438,0.521438,0.83938087,3
1693094400000,0.526778,0.528637,0.519547,0.521419,3196.58455421,12
1693180800000,0.52142,0.52142,0.514,0.520818,1673.99227588,12
1693267200000,0.520998,0.543539,0.515155,0.539021,4441.92856802,23
1693353600000,0.5366,0.5366,0.524114,0.524114,14849.15603567,32
1693440000000,0.524568,0.526802,0.50005,0.504744,2633.64046856,23
1693526400000,0.50901,0.50901,0.490929,0.490929,4388.71476752,26
1693612800000,0.497835,0.499015,0.496924,0.496924,341.39281018,6
1693699200000,0.505751,0.508476,0.503386,0.505877,5733.46828107,13
1693785600000,0.504929,0.507121,0.5039,0.507121,279.535302,4
1693872000000,0.502864,0.50414,0.502864,0.50354,812.29379088,5
1693958400000,0.50563,0.50563,0.492466,0.504435,5131.83458365,38
1694044800000,0.499771,0.502004,0.499771,0.502004,3221.907899,5
1694131200000,0.5,0.504434,0.497039,0.503129,1655.670786,5
1694217600000,0.504679,0.504735,0.502518,0.502897,358.99096472,4
1694304000000,0.5016,0.5016,0.4951,0.497086,18473.64790737,18
1694390400000,0.492956,0.492956,0.461056,0.474237,22889.26759421,69
1694476800000,0.473461,0.483571,0.473312,0.483571,3769.75088896,11
1694563200000,0.48052,0.507999,0.47461,0.484464,33562.83809961,115
1694649600000,0.483431,0.492598,0.483022,0.491,583.90807482,8
1694736000000,0.498028,0.502503,0.49214,0.502503,3311.82008792,18
1694822400000,0.501277,0.501277,0.500195,0.500613,444.52653816,5
1694908800000,0.499243,0.499243,0.493772,0.493772,6020.99137513,20
1694995200000,0.493967,0.507253,0.493967,0.5014,1635.23661786,17
1695081600000,0.506611,0.515316,0.506611,0.514,11028.36970439,30
1695168000000,0.517148,0.52448,0.512,0.521,52333.96872209,84
1695254400000,0.515559,0.515559,0.502596,0.505064,5831.86418464,25
1695340800000,0.506508,0.516495,0.506508,0.513371,20113.43578921,116
1695427200000,0.51312,0.514196,0.50789,0.50789,7201.48191332,44
1695513600000,0.501847,0.501847,0.501847,0.501847,272.99157,1
1695600000000,0.5,0.504551,0.494129,0.504551,2493.59428717,10
1695686400000,0.500275,0.506548,0.499231,0.499231,3219.70560527,15
1695772800000,0.496999,0.507043,0.49692,0.500181,7871.8383598,21
1695859200000,0.500181,0.511477,0.498,0.50967,47108.22907475,277
1695945600000,0.513209,0.538683,0.507796,0.522293,33299.91210069,196
1696032000000,0.52,0.52,0.516591,0.517008,20083.9715301,30
1696118400000,0.516,0.535299,0.516,0.526001,16528.86880285,42
1696204800000,0.522133,0.527638,0.51,0.512267,79106.6700427,52
1696291200000,0.510008,0.537399,0.508066,0.537399,9847.18192537,31
1696377600000,0.527303,0.537953,0.5242,0.531888,22935.59797299,33
1696464000000,0.52253,0.527,0.519913,0.524262,9614.76269213,20
1696550400000,0.522069,0.5281,0.52125,0.5281,3466.62217186,16
1696636800000,0.523,0.524555,0.51986,0.51986,1751.60575651,12
1696723200000,0.520701,0.520701,0.518343,0.518343,917.42744173,5
1696809600000,0.512,0.513863,0.49312,0.503804,86402.76936291,142
1696896000000,0.4994,0.501038,0.494083,0.497604,22080.94600062,69
1696982400000,0.496097,0.496097,0.480495,0.487404,19205.95100371,118
1697068800000,0.4853,0.4853,0.476194,0.485011,10041.32218347,19
1697155200000,0.481115,0.491139,0.47977,0.489604,1294.13848303,16
1697241600000,0.487416,0.487884,0.487195,0.487884,444.39125307,3
1697328000000,0.487,0.491503,0.485231,0.489205,10026.03002586,52
1697414400000,0.486894,0.5018,0.485449,0.49592,17312.42210908,27
1697500800000,0.493691,0.493691,0.490345,0.49149,5728.7105483,9
1697587200000,0.487639,0.490603,0.486716,0.488812,2181.63245075,11
1697673600000,0.4868,0.52,0.479951,0.52,39139.566727,65
1697760000000,0.521877,0.528671,0.509174,0.517,23958.29541748,56
1697846400000,0.514705,0.528,0.513313,0.521212,13214.47357154,29
1697932800000,0.521762,0.52217,0.5151,0.518981,11072.171929,27
1698019200000,0.523,0.55031,0.523,0.545934,71979.43253688,201
1698105600000,0.54595,0.584947,0.540076,0.56,153892.52722931,168
1698192000000,0.556784,0.562156,0.542,0.555098,105910.71139384,71
1698278400000,0.553595,0.56829,0.544091,0.551851,81392.64998988,210
1698364800000,0.550415,0.553369,0.539713,0.543904,42093.08332425,141
1698451200000,0.5456,0.549773,0.544927,0.544927,17061.96981882,51
1698537600000,0.544862,0.556939,0.541918,0.556939,9557.92763142,64
1698624000000,0.553313,0.582784,0.550474,0.575964,27094.59079052,75
1698710400000,0.577013,0.6156,0.571306,0.602,25074.30411019,37
1698796800000,0.592469,0.61252,0.583826,0.608801,4817.08245469,33
1698883200000,0.608335,0.628688,0.589858,0.603408,17952.04050069,70
1698969600000,0.600369,0.613613,0.593957,0.611589,6779.13081732,38
1699056000000,0.610248,0.618251,0.608938,0.6178,3656.31339886,22
1699142400000,0.616765,0.65944,0.616,0.65944,32970.89099466,99
1699228800000,0.661197,0.7272,0.661197,0.71897,44907.21817898,168
1699315200000,0.71,0.71,0.66,0.6843,54269.13203399,167
1699401600000,0.688911,0.697,0.675871,0.689656,19950.19241434,49
1699488000000,0.692716,0.703794,0.62843,0.667475,107728.78386155,395
1699574400000,0.666,0.666,0.641821,0.66,23890.79612753,95
1699660800000,0.66,0.685505,0.641514,0.663299,21687.04817179,236
1699747200000,0.658797,0.670181,0.652234,0.664536,10010.36319737,71
1699833600000,0.65777,0.759999,0.642186,0.67,95510.63567803,297
1699920000000,0.669092,0.669092,0.6011,0.629337,77389.50006996,211
1700006400000,0.630026,0.663599,0.630026,0.65216,50911.0124605,348
1700092800000,0.64657,0.663598,0.605013,0.605891,56592.08720947,192
1700179200000,0.620735,0.629999,0.59,0.614979,84083.88080868,480
1700265600000,0.612109,0.626999,0.599615,0.61,18609.42976527,63
1700352000000,0.606529,0.625523,0.606529,0.625135,4572.19188555,24
1700438400000,0.62431,0.62431,0.611394,0.611394,3643.03263717,32
1700524800000,0.61141,0.617944,0.57774,0.580444,90875.68343747,152
1700611200000,0.579721,0.618,0.579721,0.618,21895.12906151,75
1700697600000,0.611976,0.621188,0.605288,0.62,51709.59714819,77
1700784000000,0.621811,0.62668,0.619097,0.621,13020.01035483,139
1700870400000,0.622532,0.623053,0.618252,0.621115,2494.29077407,15
1700956800000,0.621202,0.635452,0.612369,0.618645,17710.28925744,68
1701043200000,0.6156,0.6156,0.596505,0.603638,23800.98674071,70
1701129600000,0.604,0.615348,0.600289,0.612557,18737.85878776,30
1701216000000,0.611504,0.614383,0.607,0.61074,21621.41875886,29
1701302400000,0.607,0.6075,0.600047,0.600047,11609.05592398,32
1701388800000,0.605361,0.616587,0.605361,0.614179,5334.04954815,43
1701475200000,0.61257,0.621312,0.612413,0.620108,13173.831023,44
1701561600000,0.620022,0.626275,0.62,0.625884,1933.89160318,12
1701648000000,0.626967,0.649998,0.587786,0.623845,45175.84467704,247
1701734400000,0.6278,0.6282,0.606957,0.626032,30013.25835461,148
1701820800000,0.621793,0.6385,0.616171,0.6385,29214.66476846,81
1701907200000,0.634156,0.652537,0.623542,0.643499,31686.3035298,49
1701993600000,0.644,0.67235,0.64,0.67232,41597.38375464,92
1702080000000,0.672405,0.69814,0.656008,0.656008,31779.91078605,78
1702166400000,0.662791,0.670801,0.65,0.668587,4440.08912181,25
1702252800000,0.659,0.659,0.608,0.62115,67474.56671019,136
1702339200000,0.62457,0.6248,0.609014,0.61446,36215.23143404,148
1702425600000,0.61,0.6311,0.599,0.626195,26968.17953926,217
1702512000000,0.625598,0.63713,0.618195,0.634,23593.39844064,138
1702598400000,0.63293,0.6389,0.61505,0.615858,20873.65303111,118
1702684800000,0.615,0.631059,0.615,0.618134,8523.37446506,49
1702771200000,0.618811,0.62,0.613088,0.61668,5252.46086947,36
1702857600000,0.61,0.611589,0.5828,0.611589,20603.54044618,114
1702944000000,0.614,0.614,0.59624,0.606851,7566.33861503,49
1703030400000,0.607062,0.632063,0.607062,0.621234,29032.2449355,105
1703116800000,0.613033,0.62586,0.61002,0.622289,25200.75153917,96
1703203200000,0.624,0.62649,0.616803,0.625127,45863.16358383,39
1703289600000,0.624524,0.624648,0.6139,0.61874,16448.50723002,49
1703376000000,0.619051,0.626962,0.61,0.61,26633.26392285,75
1703462400000,0.611237,0.649189,0.610008,0.642777,10489.04276078,48
1703548800000,0.643664,0.644199,0.603697,0.622377,25581.96488954,130
1703635200000,0.62,0.652399,0.614292,0.634998,32952.48073735,105
1703721600000,0.65,0.66588,0.62757,0.632243,36296.43376987,122
1703808000000,0.628,0.637487,0.619626,0.62,26047.34136559,98
1703894400000,0.627009,0.627767,0.619,0.625204,3597.05111324,22
1703980800000,0.623776,0.629708,0.608799,0.608799,22935.73421923,81
1704067200000,0.611991,0.63061,0.611977,0.62871,13564.14761837,65
1704153600000,0.631097,0.639037,0.623806,0.628481,55654.82643884,213
1704240000000,0.6245,0.659999,0.53,0.582805,217776.09181349,630
1704326400000,0.581656,0.592434,0.57188,0.586621,21930.96235815,112
1704412800000,0.5851,0.5851,0.556734,0.566846,21614.51335976,82
1704499200000,0.569234,0.573127,0.558077,0.56797,25354.07681199,53
1704585600000,0.573468,0.57581,0.548742,0.548742,11977.24177176,65
1704672000000,0.577836,0.609999,0.551377,0.578148,43886.29915354,103
1704758400000,0.574073,0.579047,0.55749,0.569,18666.65502953,63
1704844800000,0.5695,0.61,0.55005,0.601268,67399.3926891,190
1704931200000,0.596,0.62,0.594996,0.604127,32973.70703846,87
1705017600000,0.598,0.622799,0.555936,0.570392,45411.14121748,285
1705104000000,0.572663,0.577559,0.567474,0.577,16309.50873009,82
1705190400000,0.574843,0.617999,0.574841,0.586911,12917.8369492,143
1705276800000,0.583322,0.586806,0.571687,0.580504,25041.62129653,82
1705363200000,0.572956,0.578726,0.570001,0.5772,6820.42699388,22
1705449600000,0.572937,0.573783,0.563396,0.567703,21126.86812677,35
1705536000000,0.56824,0.569283,0.547881,0.554062,32734.28815378,118
1705622400000,0.547804,0.551758,0.525,0.546687,21399.56379646,52
1705708800000,0.545158,0.555065,0.545158,0.555065,5676.17778576,16
1705795200000,0.552951,0.55314,0.548791,0.549046,3647.64779626,36
1705881600000,0.544061,0.544061,0.52,0.53,28253.37888462,81
1705968000000,0.528019,0.528019,0.498,0.516854,27552.32605999,104
1706054400000,0.516,0.522595,0.511409,0.516493,18650.72967943,84
1706140800000,0.5164,0.524999,0.5075,0.5144,26355.36026631,36
1706227200000,0.510533,0.535757,0.510371,0.533492,25426.76626888,83
1706313600000,0.53186,0.532006,0.528,0.531589,4522.17711645,13
1706400000000,0.533014,0.534083,0.521662,0.52602,8188.60519444,36
1706486400000,0.525168,0.54,0.522,0.536172,24635.56799626,29
1706572800000,0.534527,0.536767,0.508582,0.512,28529.05137944,46
1706659200000,0.509049,0.515179,0.494,0.503571,38067.29716216,64
1706745600000,0.5,0.50859,0.492,0.508047,8389.34144458,16
1706832000000,0.505,0.5075,0.49957,0.5075,8944.34920881,21
1706918400000,0.507035,0.525,0.507035,0.521,24807.03504607,29
1707004800000,0.513194,0.513194,0.503755,0.503755,1293.60968073,6
1707091200000,0.50461,0.50877,0.50371,0.50877,12776.11105513,12
1707177600000,0.507572,0.50901,0.5,0.50901,3186.2345268,11
1707264000000,0.505162,0.513149,0.5,0.513149,28441.87959441,38
1707350400000,0.515145,0.549999,0.512109,0.517,57113.28505509,38
1707436800000,0.51527,0.526292,0.51527,0.526292,21812.97941837,32
1707523200000,0.527674,0.527674,0.519397,0.525,65962.47516555,127
1707609600000,0.528019,0.6,0.525087,0.527454,58010.52440519,89
1707696000000,0.529152,0.538171,0.518544,0.533234,33086.61298963,262
1707782400000,0.533882,0.533976,0.515192,0.525739,54236.14978541,107
1707868800000,0.522546,0.539995,0.5222,0.537076,32354.30165223,61
1707955200000,0.546976,0.573,0.544651,0.561404,209281.77586201,146
1708041600000,0.558794,0.576889,0.556291,0.566417,18508.26985675,59
1708128000000,0.561507,0.562992,0.5423,0.55247,34777.6659578,61
1708214400000,0.55,0.562935,0.5497,0.557998,10935.54748987,26
1708300800000,0.559964,0.567374,0.558213,0.567374,15036.40137388,41
1708387200000,0.562,0.572,0.54588,0.564789,125935.53910581,88
1708473600000,0.555669,0.555669,0.53494,0.549112,15926.42829061,61
1708560000000,0.547,0.554232,0.539775,0.542294,32649.25650529,85
1708646400000,0.543841,0.543841,0.528621,0.533921,30398.82956941,66
1708732800000,0.533507,0.549506,0.533507,0.54664,51241.44320495,71
1708819200000,0.548346,0.548346,0.543036,0.545197,12107.2852633,34
1708905600000,0.54252,0.551231,0.530171,0.549999,54380.89416158,92
1708992000000,0.551137,0.595125,0.550038,0.585,64804.02753099,119
1709078400000,0.584292,0.605235,0.531518,0.575865,139862.36075777,309
1709164800000,0.572792,0.621543,0.572792,0.588349,180703.38177364,418
1709251200000,0.592991,0.602919,0.584866,0.599604,94498.06440471,238
1709337600000,0.609,0.646543,0.609,0.637567,33222.94747229,104
1709424000000,0.631537,0.632005,0.59205,0.627163,59757.72079411,174
1709510400000,0.630842,0.664518,0.619999,0.652668,90751.24986115,337
1709596800000,0.642896,0.664,0.550001,0.592269,311597.53414479,1012
1709683200000,0.593071,0.630597,0.578,0.611204,55852.10165187,189
1709769600000,0.609399,0.637771,0.608727,0.629821,35580.35305835,145
1709856000000,0.63,0.63,0.60543,0.620948,50610.90649746,149
1709942400000,0.6211,0.6317,0.618609,0.623478,41306.21111218,95
1710028800000,0.623698,0.628657,0.599062,0.599062,47121.84858233,178
1710115200000,0.595001,0.742525,0.585051,0.721677,541261.10988023,1149
1710201600000,0.727364,0.727364,0.6645,0.687937,165923.96769696,293
1710288000000,0.690775,0.702522,0.67115,0.689655,67333.75722541,183
1710374400000,0.683181,0.707442,0.640056,0.670753,129629.60746526,290
1710460800000,0.664325,0.664325,0.6,0.630821,140871.15295606,368
1710547200000,0.636,0.640018,0.599073,0.60283,36457.01761437,164
1710633600000,0.60807,0.626251,0.59,0.622437,57460.59021401,139
1710720000000,0.62141,0.66,0.598,0.66,23837.0002457,108
1710806400000,0.635331,0.635331,0.572463,0.584928,365780.71363496,552
1710892800000,0.586,0.617055,0.568897,0.613599,133640.06383741,459
1710979200000,0.61,0.653347,0.60664,0.637664,23690.81731411,179
1711065600000,0.6416,0.6416,0.600731,0.610039,49167.88515669,112
1711152000000,0.61407,0.632,0.610343,0.616273,23786.71518447,39
1711238400000,0.618296,0.639539,0.61695,0.635527,24276.1598183,58
1711324800000,0.631492,0.660507,0.627658,0.64,84652.99444152,150
1711411200000,0.645615,0.653174,0.628387,0.634772,47517.63038098,106
1711497600000,0.630945,0.631318,0.608531,0.609546,57294.07211343,139
1711584000000,0.608439,0.63023,0.604906,0.6275,13698.58990762,49
1711670400000,0.611733,0.643829,0.610629,0.627563,24545.65145183,70
1711756800000,0.629572,0.636325,0.620133,0.620133,49951.7644068,82
1711843200000,0.624891,0.631298,0.624258,0.631298,30552.02392372,40
1711929600000,0.631757,0.649999,0.597644,0.613869,92757.87321468,226
1712016000000,0.617974,0.7,0.58116,0.587,63054.53084777,136
1712102400000,0.582823,0.597775,0.5685,0.577458,70044.62028333,208
1712188800000,0.57305,0.615334,0.564321,0.596615,46422.92369271,135
1712275200000,0.588555,0.595603,0.571359,0.591056,29912.72658544,298
1712361600000,0.588918,0.594299,0.585981,0.593844,3075.87458813,21
1712448000000,0.595473,0.601539,0.593965,0.595227,10341.15109934,31
1712534400000,0.595224,0.625433,0.592876,0.619274,36759.50012453,190
1712620800000,0.6162,0.64,0.60595,0.613981,40105.79710041,75
1712707200000,0.612809,0.619995,0.597129,0.618711,22962.54608946,63
1712793600000,0.616182,0.620732,0.605382,0.612643,18897.02072977,34
1712880000000,0.607415,0.615762,0.521049,0.54413,117423.92030841,527
1712966400000,0.547007,0.549453,0.423465,0.478236,233990.94080143,1370
1713052800000,0.477,0.506,0.465862,0.506,116806.90350604,704
1713139200000,0.498,0.52,0.48869,0.494622,33371.5789317,148
1713225600000,0.49573,0.499937,0.479704,0.496501,21943.58938377,59
1713312000000,0.5,0.507582,0.473624,0.493361,68856.41738687,246
1713398400000,0.489058,0.504,0.488351,0.502426,13695.29961192,86
1713484800000,0.494287,0.507346,0.47,0.504247,33147.19098379,182
1713571200000,0.504797,0.529999,0.501516,0.529999,23689.46683292,68
1713657600000,0.525401,0.535836,0.51985,0.527292,13624.63701696,41
1713744000000,0.536,0.57,0.531546,0.57,14568.0023983,65
1713830400000,0.556365,0.556365,0.543693,0.554249,5859.10672067,25
1713916800000,0.54403,0.550013,0.525591,0.525591,13375.23452338,47
1714003200000,0.523651,0.534679,0.516608,0.525362,35499.07372833,29
1714089600000,0.527413,0.533899,0.52022,0.526095,38001.77315504,212
1714176000000,0.520328,0.522402,0.510011,0.519867,4904.83677018,54
1714262400000,0.522619,0.524379,0.511,0.511,8476.00485077,38
1714348800000,0.51,0.51768,0.502345,0.516271,29783.0774993,164
1714435200000,0.513213,0.513213,0.48982,0.499944,87133.22868255,91
1714521600000,0.501842,0.519999,0.482839,0.518426,40469.4268276,93
1714608000000,0.511718,0.523322,0.511718,0.521734,14667.84778699,78
1714694400000,0.52146,0.531837,0.516489,0.531614,15842.08596933,26
1714780800000,0.528712,0.537089,0.528443,0.53,18275.1377779,29
1714867200000,0.52829,0.5308,0.5273,0.529472,2396.62918086,8
1714953600000,0.534712,0.568129,0.529323,0.54,37593.78287188,176
1715040000000,0.533311,0.543292,0.528494,0.528494,77067.48696513,168
1715126400000,0.526729,0.527298,0.519439,0.519761,45487.04934026,47
1715212800000,0.522865,0.524068,0.510002,0.521543,6521.46272445,19
1715299200000,0.5194,0.5194,0.497891,0.502789,9232.19244423,34
1715385600000,0.505714,0.508355,0.503181,0.506626,10552.2643379,11
1715472000000,0.506751,0.506751,0.49566,0.499298,7073.66634403,35
1715558400000,0.497297,0.509999,0.487991,0.506321,12357.59567241,89
1715644800000,0.5,0.50966,0.5,0.504398,56414.97619036,73
1715731200000,0.499789,0.518638,0.4995,0.517222,12828.67122091,19
1715817600000,0.516304,0.523551,0.515269,0.517105,22963.91571038,67
1715904000000,0.516138,0.527734,0.516138,0.523494,54655.75670842,35
1715990400000,0.523375,0.525004,0.519123,0.52068,4773.7425647,17
1716076800000,0.518813,0.518813,0.507549,0.507549,7443.2062184,41
1716163200000,0.510866,0.536846,0.509928,0.536846,31217.29313683,116
1716249600000,0.539999,0.557675,0.53532,0.536745,89505.8854922,141
1716336000000,0.536667,0.536667,0.524669,0.526432,86497.72960827,143
1716422400000,0.528308,0.54642,0.50882,0.528173,32237.7325656,88
1716508800000,0.52862,0.53498,0.523584,0.531447,25754.96312588,35
1716595200000,0.535632,0.542987,0.535632,0.542987,11562.65777622,40
1716681600000,0.54155,0.542219,0.53,0.53,8124.36473495,16
1716768000000,0.532088,0.538959,0.526971,0.534527,11200.22916488,24
1716854400000,0.528496,0.532539,0.52321,0.527378,17117.20044187,47
1716940800000,0.528117,0.530386,0.526,0.526,2382.4919773,6
1717027200000,0.527171,0.527171,0.515205,0.524,10169.96518865,54
1717113600000,0.520877,0.524353,0.513014,0.519394,17474.99249324,22
1717200000000,0.520539,0.521798,0.518692,0.519763,6739.93635989,15
1717286400000,0.514215,0.520258,0.51,0.513683,8051.40869607,26
1717372800000,0.51874,0.52177,0.518578,0.521076,12089.4434176,9
1717459200000,0.521636,0.528973,0.52098,0.526739,10921.94680256,17
1717545600000,0.525377,0.533999,0.525,0.525,15517.01852128,23
1717632000000,0.524872,0.524872,0.51869,0.519469,233.06281327,3
1717718400000,0.526585,0.541,0.46,0.500892,92293.24728216,308
1717804800000,0.4994,0.502221,0.492699,0.494491,13964.85014611,36
1717891200000,0.492253,0.499128,0.492253,0.499128,5038.46304903,15
1717977600000,0.497651,0.503754,0.496923,0.496923,4406.40900549,9
1718064000000,0.492,0.492,0.474039,0.480938,12747.50702117,49
1718150400000,0.475419,0.497371,0.475379,0.490955,31649.17495649,41
1718236800000,0.486853,0.48829,0.483183,0.483183,8243.03165165,17
1718323200000,0.477261,0.48,0.46196,0.472405,78526.39731454,110
1718409600000,0.4788,0.50225,0.4788,0.490105,31457.89891955,50
1718496000000,0.488756,0.497664,0.488756,0.489917,3307.92857123,18
1718582400000,0.4881,0.51933,0.485484,0.517272,242980.76871186,117
1718668800000,0.491061,0.504473,0.477772,0.488708,222302.48787572,150
1718755200000,0.492863,0.498644,0.489616,0.496753,11515.5891141,15
1718841600000,0.499065,0.500992,0.488761,0.49,10413.64230569,23
1718928000000,0.49,0.49,0.482231,0.484165,4879.34478511,13
1719014400000,0.48736,0.487893,0.487176,0.487893,419.390064,3
1719100800000,0.488856,0.488856,0.476868,0.479474,2834.30715514,11
1719187200000,0.476058,0.48264,0.464091,0.473162,85085.09582279,147
1719273600000,0.478055,0.481293,0.474281,0.481293,38953.03359838,51
1719360000000,0.474888,0.47511,0.471259,0.471259,2417.94412026,10
1719446400000,0.468522,0.477252,0.467276,0.4758,30677.64483301,48
1719532800000,0.47585,0.476,0.472411,0.472411,4426.05623924,11
1719619200000,0.476212,0.476212,0.474194,0.474194,489.28460045,4
1719705600000,0.474593,0.474593,0.473185,0.474033,1091.37555561,5
1719792000000,0.479567,0.481245,0.477568,0.479,8737.83510685,26
1719878400000,0.479651,0.488,0.478751,0.484981,32177.80348179,26
1719964800000,0.48611,0.48611,0.462708,0.466262,49762.0651344,60
1720051200000,0.465206,0.465507,0.433,0.435493,44622.10088517,120
1720137600000,0.43,0.43,0.39,0.425047,246628.28997501,868
1720224000000,0.427705,0.449568,0.427705,0.449568,12204.32850345,61
1720310400000,0.44886,0.44886,0.419266,0.419266,11197.90488695,43
1720396800000,0.414946,0.440975,0.414946,0.43203,30528.44635492,105
1720483200000,0.434155,0.43624,0.431056,0.435128,99428.38199238,166
1720569600000,0.436887,0.440998,0.434359,0.437002,112694.16005513,101
1720656000000,0.440234,0.452026,0.438107,0.447232,179361.20208916,145
1720742400000,0.457507,0.476864,0.455595,0.476864,14504.33262946,81
1720828800000,0.474835,0.563833,0.474835,0.530003,70093.0270929,261
1720915200000,0.520003,0.532505,0.519648,0.51986,12352.86093166,30
1721001600000,0.51986,0.537388,0.51986,0.531809,15125.32602969,81
1721088000000,0.545,0.59291,0.539827,0.5809,25261.04680619,120
1721174400000,0.58652,0.632079,0.58652,0.632079,41904.02470657,169
1721260800000,0.635,0.635,0.56,0.572512,28045.9874795,129
1721347200000,0.563269,0.582153,0.5424,0.572136,54233.66605954,105
1721433600000,0.579348,0.6,0.579196,0.596402,3453.71032986,26
1721520000000,0.595132,0.607851,0.572692,0.597357,18908.59031056,56
1721606400000,0.590666,0.620085,0.590666,0.603798,20602.92636593,117
1721692800000,0.603398,0.606616,0.585531,0.5958,33490.65432458,133
1721779200000,0.594773,0.631031,0.594773,0.617061,40145.56881311,61
1721865600000,0.618532,0.624174,0.587666,0.598136,81667.34303175,131
1721952000000,0.604292,0.608596,0.586092,0.602,25262.2312118,96
1722038400000,0.602,0.605313,0.584957,0.601944,6766.94618886,24
1722124800000,0.6047,0.612885,0.598747,0.601053,3813.5496279,19
1722211200000,0.608632,0.61,0.59184,0.602597,14762.78334517,41
1722297600000,0.603029,0.63337,0.597291,0.629354,36868.90126235,59
1722384000000,0.634668,0.655277,0.626558,0.628707,44324.12659558,58
1722470400000,0.620006,0.620006,0.57,0.597052,41257.87869196,95
1722556800000,0.595504,0.595504,0.549,0.569,38097.2897867,107
1722643200000,0.56248,0.576778,0.543,0.555,8347.7122261,65
1722729600000,0.555277,0.555277,0.516,0.52693,79615.28382186,377
1722816000000,0.5225,0.5225,0.436364,0.500841,334361.06686366,1315
1722902400000,0.500267,0.517983,0.495526,0.506617,88394.62577739,379
1722988800000,0.512075,0.639996,0.480003,0.598618,74435.35996629,166
1723075200000,0.596952,0.64,0.582385,0.618869,66821.62251012,243
1723161600000,0.618542,0.618542,0.568827,0.576013,31367.91678127,143
1723248000000,0.5898,0.601231,0.584084,0.584084,7280.75274194,40
1723334400000,0.588613,0.592516,0.550008,0.550008,20231.76638112,112
1723420800000,0.562322,0.578879,0.557252,0.562764,8120.20211009,42
1723507200000,0.569559,0.585839,0.563891,0.577728,16697.19837211,79
1723593600000,0.57857,0.582848,0.565337,0.566937,11258.9135812,83
1723680000000,0.569349,0.571086,0.551859,0.557449,9360.37208952,35
1723766400000,0.560079,0.570229,0.554202,0.563537,31742.08380547,95
1723852800000,0.565559,0.56972,0.563895,0.565259,2498.6420695,11
1723939200000,0.564877,0.58,0.564478,0.564478,23110.57785143,118
1724025600000,0.562609,0.604887,0.561455,0.599669,161289.48921896,138
1724112000000,0.604793,0.615189,0.586751,0.599019,29240.70069984,62
1724198400000,0.595,0.603098,0.58686,0.60162,5180.26115807,29
1724284800000,0.601,0.60304,0.59548,0.596475,4451.94130307,29
1724371200000,0.602207,0.61403,0.596348,0.613502,145676.70706203,92
1724457600000,0.609244,0.629304,0.607697,0.609817,16662.70592853,60
1724544000000,0.60115,0.605394,0.5977,0.604948,14698.52626933,42
1724630400000,0.5964,0.59666,0.58051,0.587374,9617.12725753,55
1724716800000,0.590381,0.599999,0.550004,0.566731,27247.23045657,88
1724803200000,0.566121,0.584554,0.559329,0.569881,29024.68596546,35
1724889600000,0.57211,0.575527,0.56023,0.56023,16074.98610606,58
1724976000000,0.558458,0.566857,0.548571,0.566766,7127.62454526,47
1725062400000,0.567356,0.570488,0.563516,0.563516,234.98189784,8
1725148800000,0.554352,0.560177,0.543691,0.543877,9439.55285087,28
1725235200000,0.546349,0.568938,0.545946,0.566593,24640.1724291,73
1725321600000,0.569996,0.5723,0.561371,0.567629,4688.86158713,37
1725408000000,0.555,0.56776,0.54,0.56776,171152.20535197,100
1725494400000,0.558982,0.558982,0.542322,0.543339,16209.9518683,35
1725580800000,0.546787,0.546787,0.503728,0.521184,36059.11414216,88
1725667200000,0.526344,0.531197,0.526158,0.526158,7143.54175627,30
1725753600000,0.525996,0.530182,0.523576,0.527182,993.03477061,16
1725840000000,0.528435,0.539905,0.528336,0.539905,5761.26157677,27
1725926400000,0.536255,0.542632,0.535215,0.541623,6009.95403309,32
1726012800000,0.539052,0.539052,0.527563,0.535842,147986.69355803,87
1726099200000,0.537607,0.581734,0.537607,0.564311,7186.69598749,47
1726185600000,0.569246,0.574838,0.563042,0.573999,13129.19738179,62
1726272000000,0.575654,0.599204,0.574881,0.59885,27327.41769801,140
1726358400000,0.597517,0.597517,0.5757,0.579426,5936.78489044,28
1726444800000,0.57,0.589138,0.56798,0.584367,15993.07651514,25
1726531200000,0.585024,0.595065,0.584674,0.589936,11353.04031689,48
1726617600000,0.57999,0.58119,0.568514,0.577184,11448.4528289,37
1726704000000,0.587904,0.59349,0.584474,0.589485,16533.85278536,56
1726790400000,0.58489,0.592041,0.578,0.586277,13425.14846531,143
1726876800000,0.581727,0.608263,0.581727,0.597828,15949.29682721,39
1726963200000,0.596789,0.596811,0.58,0.589039,18935.92016018,32
1727049600000,0.591486,0.592888,0.58435,0.587036,4231.48561982,33
1727136000000,0.584702,0.591403,0.584503,0.590379,4563.62489156,47
1727222400000,0.591249,0.591802,0.584296,0.584296,13849.77452785,44
1727308800000,0.58,0.594217,0.576958,0.591373,2873.45637549,17
1727395200000,0.586263,0.594465,0.58411,0.588951,21393.4457505,84
1727481600000,0.587834,0.625031,0.58559,0.617093,31091.60716429,99
1727568000000,0.612542,0.662693,0.612542,0.640992,36041.45321837,112
1727654400000,0.643781,0.650693,0.620904,0.621756,16385.41176661,82
1727740800000,0.622172,0.633534,0.580053,0.593257,27120.71222714,91
1727827200000,0.601617,0.601617,0.53,0.533129,115672.50021903,254
1727913600000,0.529759,0.541284,0.51,0.523133,50501.87234126,98
1728000000000,0.52,0.5368,0.519441,0.533872,26771.58589252,74
1728086400000,0.529035,0.533583,0.5279,0.532525,3600.05166609,16
1728172800000,0.530621,0.534136,0.5301,0.5327,4967.4821109,32
1728259200000,0.538487,0.544325,0.53,0.53,20189.05332882,51
1728345600000,0.531512,0.532595,0.523887,0.530217,8442.78151404,38
1728432000000,0.531307,0.531519,0.522596,0.526373,3699.81909424,42
1728518400000,0.526523,0.536873,0.526351,0.529678,5917.89576331,34
1728604800000,0.533322,0.541682,0.533322,0.539443,8949.81847167,37
1728691200000,0.538995,0.5425,0.537292,0.540839,2480.03738168,15
1728777600000,0.538,0.538,0.525066,0.526711,3099.25019684,27
1728864000000,0.538869,0.55,0.538869,0.547273,6953.84379997,43
1728950400000,0.548421,0.548421,0.534959,0.546397,6993.71996404,35
1729036800000,0.540062,0.551274,0.540062,0.549688,1688.72953589,19
1729123200000,0.546279,0.565,0.542392,0.543169,17650.96752862,70
1729209600000,0.542392,0.55,0.542392,0.547207,14176.23899278,51
1729296000000,0.547783,0.547783,0.545109,0.545109,559.54565557,4
1729382400000,0.545342,0.547,0.538691,0.547,32180.03945795,23
1729468800000,0.549999,0.55821,0.541867,0.546955,13100.54960336,29
1729555200000,0.54211,0.54211,0.532866,0.536206,1944.54166884,5
1729641600000,0.535046,0.535046,0.512454,0.52266,24749.18888916,41
1729728000000,0.53034,0.533579,0.525258,0.533206,4296.52568623,28
1729814400000,0.531301,0.532371,0.49,0.494627,20623.9122218,115
1729900800000,0.500076,0.51551,0.500076,0.511568,11954.04513601,55
1729987200000,0.512349,0.517532,0.511552,0.517532,2003.02010015,10
1730073600000,0.517587,0.520872,0.514304,0.519102,6174.37581183,34
1730160000000,0.519121,0.530899,0.519121,0.52878,33483.35253813,154
1730246400000,0.526759,0.526759,0.521,0.523121,15935.56034376,69
1730332800000,0.520164,0.521113,0.505,0.510576,9900.55965139,45
1730419200000,0.511319,0.522475,0.507343,0.512677,16747.29684201,38
1730505600000,0.516819,0.516832,0.508987,0.510406,6061.23893056,56
1730592000000,0.510705,0.511077,0.494392,0.503423,28505.76226085,52
1730678400000,0.508004,0.5129,0.496791,0.50297,5536.07676158,43
1730764800000,0.507186,0.514705,0.50683,0.514012,49340.05194022,145
1730851200000,0.519828,0.547299,0.519828,0.547299,57741.4617674,307
1730937600000,0.540535,0.57736,0.540535,0.55202,22036.95279059,67
1731024000000,0.550005,0.553962,0.543011,0.548057,4320.90628623,33
1731110400000,0.552521,0.562151,0.545,0.558805,34279.92049366,40
1731196800000,0.558805,0.617576,0.555877,0.589656,155509.0432375,445
1731283200000,0.589974,0.631,0.572934,0.619875,120319.58494304,486
1731369600000,0.615783,0.741904,0.592341,0.710473,316646.34045686,897
1731456000000,0.709903,0.744951,0.641766,0.690339,139942.17064619,563
1731542400000,0.683368,0.849132,0.68237,0.77201,260730.60336746,808
1731628800000,0.777692,0.927777,0.774672,0.89,363520.27659179,902
1731715200000,0.892459,1.262772,0.88,1.115,487952.29348306,1389
1731801600000,1.121241,1.15,1,1.058639,325673.40421779,629
1731888000000,1.051897,1.186773,1.051896,1.12055,141031.15072681,233
1731974400000,1.1274,1.131,1.07172,1.1,103380.30799196,167
1732060800000,1.10631,1.148909,1.060001,1.109091,45566.97668484,186
1732147200000,1.101183,1.25205,1.098173,1.25205,169505.8601652,691
1732233600000,1.25614,1.494839,1.23,1.46121,388723.76097649,1306
1732320000000,1.465439,1.6114,1.367,1.48109,168178.03312331,1151
1732406400000,1.473036,1.506037,1.250001,1.446,172195.56752491,953
1732492800000,1.43873,1.53611,1.366124,1.426087,104996.32450281,506
1732579200000,1.413949,1.457319,1.2861,1.400875,106761.42508603,632
1732665600000,1.39193,1.516142,1.345,1.473611,84753.52473509,720
1732752000000,1.470392,1.541667,1.432321,1.541667,50988.09552161,372
1732838400000,1.541717,1.8,1.541717,1.8,171822.31146324,1274
1732924800000,1.799482,1.95227,1.710002,1.949993,182006.10029637,1884
1733011200000,1.952692,2.344195,1.855835,2.3,223513.59827178,2848
1733097600000,2.290868,2.86262,2.004217,2.706911,368248.53675785,4723
1733184000000,2.689652,2.89,2.304853,2.51996,179368.14300513,1622
1733270400000,2.52,2.67656,2.1,2.344686,213141.03669442,2026
1733356800000,2.353588,2.488853,2.152855,2.235647,142367.82152557,2536
1733443200000,2.238901,2.4399,2.200001,2.407683,90264.16717322,1531
1733529600000,2.408648,2.6,2.4,2.6,118995.38023171,2560
1733616000000,2.591306,2.634297,2.48,2.59,57271.2343756,869
1733702400000,2.549552,2.549552,2.02198,2.208969,177770.33497408,1561
1733788800000,2.188356,2.405289,1.900003,2.368011,251420.1187668,1861
1733875200000,2.351047,2.499998,2.228976,2.41,47416.61447726,675
1733961600000,2.393892,2.499999,2.318193,2.352055,38064.27595075,560
1734048000000,2.36361,2.462248,2.28493,2.425489,24678.55237169,333
1734134400000,2.422541,2.51,2.35939,2.395259,30372.65014237,582
1734220800000,2.402597,2.430436,2.36,2.430436,5474.97131172,152
1734307200000,2.431867,2.53,2.343261,2.48338,26897.43488039,593
1734393600000,2.468523,2.719722,2.4434,2.536996,54120.39461547,806
1734480000000,2.573132,2.575507,2.29,2.303503,48685.55648413,767
1734566400000,2.3161,2.417388,2.153264,2.26,82598.13668896,1124
1734652800000,2.240921,2.345236,1.923796,2.276298,90747.1218425,1974
1734739200000,2.277878,2.459999,2.2,2.243057,26883.30116098,1131
1734825600000,2.2387,2.41,2.122346,2.122346,17924.384894,517
1734912000000,2.204184,2.397228,2.1,2.259375,30689.74182008,1091
1734998400000,2.251487,2.348418,2.178392,2.316235,18992.62833601,627
1735084800000,2.314797,2.342653,2.2591,2.28143,7736.57234765,222
1735171200000,2.259101,2.342653,2.136918,2.264999,13718.10975257,367
1735257600000,2.146306,2.453679,2.124019,2.137924,13931.51015002,396
1735344000000,2.155303,2.198526,2.155303,2.187333,4170.93161253,182
1735430400000,2.184899,2.188517,2.154087,2.154087,7629.33315458,74
